{
	"info": {
		"_postman_id": "c604758d-ef06-45f5-8573-6302848ae46d",
		"name": "127.0.0.1",
		"schema": "https://schema.getpostman.com/json/collection/v2.1.0/collection.json"
	},
	"item": [
		{
			"name": "127.0.0.1:8000/jetson_state",
			"request": {
				"method": "GET",
				"header": [],
				"url": {
					"raw": "127.0.0.1:8000/jetson_state",
					"host": [
						"127",
						"0",
						"0",
						"1"
					],
					"port": "8000",
					"path": [
						"jetson_state"
					]
				}
			},
			"response": []
		},
		{
			"name": "127.0.0.1:8000/start",
			"request": {
				"method": "POST",
				"header": [],
				"url": {
					"raw": "127.0.0.1:8000/start/fortifai.cfg",
					"host": [
						"127",
						"0",
						"0",
						"1"
					],
					"port": "8000",
					"path": [
						"start",
						"fortifai.cfg"
					]
				}
			},
			"response": []
		},
		{
			"name": "127.0.0.1:8000/reboot",
			"request": {
				"method": "POST",
				"header": [],
				"url": {
					"raw": "127.0.0.1:8000/reboot?p=8673",
					"host": [
						"127",
						"0",
						"0",
						"1"
					],
					"port": "8000",
					"path": [
						"reboot"
					],
					"query": [
						{
							"key": "p",
							"value": "8673"
						}
					]
				}
			},
			"response": []
		},
		{
			"name": "127.0.0.1:8000/fortifai-reboot",
			"request": {
				"method": "POST",
				"header": [],
				"url": {
					"raw": "127.0.0.1:8000/fortifai-reboot/vizgard-backup.cfg?p=8673",
					"host": [
						"127",
						"0",
						"0",
						"1"
					],
					"port": "8000",
					"path": [
						"fortifai-reboot",
						"vizgard-backup.cfg"
					],
					"query": [
						{
							"key": "p",
							"value": "8673"
						}
					]
				}
			},
			"response": []
		},
		{
			"name": "127.0.0.1:8000/shutdown",
			"request": {
				"method": "POST",
				"header": [],
				"url": {
					"raw": "127.0.0.1:8000/shutdown?p=8673",
					"host": [
						"127",
						"0",
						"0",
						"1"
					],
					"port": "8000",
					"path": [
						"shutdown"
					],
					"query": [
						{
							"key": "p",
							"value": "8673"
						}
					]
				}
			},
			"response": []
		},
		{
			"name": "127.0.0.1:8000/fortifai-shutdown",
			"request": {
				"method": "POST",
				"header": [],
				"url": {
					"raw": "127.0.0.1:8000/fortifai-shutdown?p=8673",
					"host": [
						"127",
						"0",
						"0",
						"1"
					],
					"port": "8000",
					"path": [
						"fortifai-shutdown"
					],
					"query": [
						{
							"key": "p",
							"value": "8673"
						}
					]
				}
			},
			"response": []
		},
		{
			"name": "127.0.0.1:8000/list-config",
			"request": {
				"method": "GET",
				"header": [],
				"url": {
					"raw": "127.0.0.1:8000/list-config",
					"host": [
						"127",
						"0",
						"0",
						"1"
					],
					"port": "8000",
					"path": [
						"list-config"
					]
				}
			},
			"response": []
		},
		{
			"name": "127.0.0.1:8000/get-file",
			"request": {
				"method": "GET",
				"header": [],
				"url": {
					"raw": "127.0.0.1:8000/get-file/vizgard.cfg",
					"host": [
						"127",
						"0",
						"0",
						"1"
					],
					"port": "8000",
					"path": [
						"get-file",
						"vizgard.cfg"
					]
				}
			},
			"response": []
		},
		{
			"name": "127.0.0.1:8000/get-file Copy",
			"request": {
				"method": "GET",
				"header": [],
				"url": {
					"raw": "127.0.0.1:8000/get-file/v1.cfg",
					"host": [
						"127",
						"0",
						"0",
						"1"
					],
					"port": "8000",
					"path": [
						"get-file",
						"v1.cfg"
					]
				}
			},
			"response": []
		},
		{
			"name": "127.0.0.1:8000/get-file Copy 2",
			"request": {
				"method": "GET",
				"header": [],
				"url": {
					"raw": "127.0.0.1:8000/get-file/v2.cfg",
					"host": [
						"127",
						"0",
						"0",
						"1"
					],
					"port": "8000",
					"path": [
						"get-file",
						"v2.cfg"
					]
				}
			},
			"response": []
		},
		{
			"name": "http://127.0.0.1:8000/update-file",
			"request": {
				"method": "POST",
				"header": [],
				"body": {
					"mode": "formdata",
					"formdata": [
						{
							"key": "file",
							"type": "file",
							"src": "/home/kikai/Downloads/crow_all.h"
						}
					]
				},
				"url": {
					"raw": "http://127.0.0.1:8000/update-file/v1.cfg",
					"protocol": "http",
					"host": [
						"127",
						"0",
						"0",
						"1"
					],
					"port": "8000",
					"path": [
						"update-file",
						"v1.cfg"
					]
				}
			},
			"response": []
		},
		{
			"name": "http://127.0.0.1:8000/update-file Copy",
			"request": {
				"method": "POST",
				"header": [],
				"body": {
					"mode": "formdata",
					"formdata": [
						{
							"key": "file",
							"type": "file",
							"src": "/home/kikai/Downloads/run_docker.sh"
						}
					]
				},
				"url": {
					"raw": "http://127.0.0.1:8000/update-file/v2.cfg",
					"protocol": "http",
					"host": [
						"127",
						"0",
						"0",
						"1"
					],
					"port": "8000",
					"path": [
						"update-file",
						"v2.cfg"
					]
				}
			},
			"response": []
		},
		{
			"name": "127.0.0.1:8000/delete-file",
			"request": {
				"method": "DELETE",
				"header": [],
				"url": {
					"raw": "http://10.10.4.201:8000/delete-file/vizgard-remove.cfg",
					"protocol": "http",
					"host": [
						"10",
						"10",
						"4",
						"201"
					],
					"port": "8000",
					"path": [
						"delete-file",
						"vizgard-remove.cfg"
					]
				}
			},
			"response": []
		},
		{
			"name": "127.0.0.1:8000/check-for-update-vizgard-app",
			"request": {
				"method": "POST",
				"header": [],
				"url": {
					"raw": "127.0.0.1:8000/check-for-update-vizgard-app?tag=JP46.Im0020.V0010",
					"host": [
						"127",
						"0",
						"0",
						"1"
					],
					"port": "8000",
					"path": [
						"check-for-update-vizgard-app"
					],
					"query": [
						{
							"key": "tag",
							"value": "JP46.Im0020.V0010"
						}
					]
				}
			},
			"response": []
		},
		{
			"name": "127.0.0.1:8000/update-vizgard-app",
			"request": {
				"method": "POST",
				"header": [],
				"url": {
					"raw": "127.0.0.1:8000/update-vizgard-app?tag=JP46.Im0020.V0010&p=8673",
					"host": [
						"127",
						"0",
						"0",
						"1"
					],
					"port": "8000",
					"path": [
						"update-vizgard-app"
					],
					"query": [
						{
							"key": "tag",
							"value": "JP46.Im0020.V0010"
						},
						{
							"key": "p",
							"value": "8673"
						}
					]
				}
			},
			"response": []
		},
		{
			"name": "127.0.0.1:8000/check-for-update-vizgard-config",
			"request": {
				"method": "POST",
				"header": [],
				"url": {
					"raw": "127.0.0.1:8000/check-for-update-vizgard-config?tag=JP46.V0010",
					"host": [
						"127",
						"0",
						"0",
						"1"
					],
					"port": "8000",
					"path": [
						"check-for-update-vizgard-config"
					],
					"query": [
						{
							"key": "tag",
							"value": "JP46.V0010"
						}
					]
				}
			},
			"response": []
		},
		{
			"name": "127.0.0.1:8000/update-vizgard-config",
			"request": {
				"method": "POST",
				"header": [],
				"url": {
					"raw": "127.0.0.1:8000/update-vizgard-config?tag=JP46.V0010&p=8673",
					"host": [
						"127",
						"0",
						"0",
						"1"
					],
					"port": "8000",
					"path": [
						"update-vizgard-config"
					],
					"query": [
						{
							"key": "tag",
							"value": "JP46.V0010"
						},
						{
							"key": "p",
							"value": "8673"
						}
					]
				}
			},
			"response": []
		},
		{
			"name": "127.0.0.1:8000/get-local-version",
			"request": {
				"method": "GET",
				"header": [],
				"url": {
					"raw": "127.0.0.1:8000/get-local-version",
					"host": [
						"127",
						"0",
						"0",
						"1"
					],
					"port": "8000",
					"path": [
						"get-local-version"
					]
				}
			},
			"response": []
		},
		{
			"name": "127.0.0.1:8000/set-vizgard-app-version",
			"request": {
				"method": "POST",
				"header": [],
				"url": {
					"raw": "127.0.0.1:8000/set-vizgard-app-version?p=8673&Id=d51eacf3fcbc",
					"host": [
						"127",
						"0",
						"0",
						"1"
					],
					"port": "8000",
					"path": [
						"set-vizgard-app-version"
					],
					"query": [
						{
							"key": "p",
							"value": "8673"
						},
						{
							"key": "Id",
							"value": "d51eacf3fcbc"
						},
						{
							"key": "Id",
							"value": "03ccf0c50e61",
							"disabled": true
						}
					]
				}
			},
			"response": []
		},
		{
			"name": "127.0.0.1:8000/set-vizgard-config-version",
			"request": {
				"method": "POST",
				"header": [],
				"url": {
					"raw": "127.0.0.1:8000/set-vizgard-config-version?p=8673&Id=2abf92d8fbd9",
					"host": [
						"127",
						"0",
						"0",
						"1"
					],
					"port": "8000",
					"path": [
						"set-vizgard-config-version"
					],
					"query": [
						{
							"key": "p",
							"value": "8673"
						},
						{
							"key": "Id",
							"value": "2abf92d8fbd9"
						},
						{
							"key": "Id",
							"value": "66e09bdd3d41",
							"disabled": true
						}
					]
				}
			},
			"response": []
		},
		{
			"name": "127.0.0.1:8000/delete-by-short-id",
			"request": {
				"method": "DELETE",
				"header": [],
				"url": {
					"raw": "127.0.0.1:8000/delete-by-short-id?Id=db1bc6aa58da",
					"host": [
						"127",
						"0",
						"0",
						"1"
					],
					"port": "8000",
					"path": [
						"delete-by-short-id"
					],
					"query": [
						{
							"key": "Id",
							"value": "db1bc6aa58da"
						},
						{
							"key": "Id",
							"value": "cc6f13ca5102",
							"disabled": true
						}
					]
				}
			},
			"response": []
		}
	]
}